<?xml version="1.0" encoding="UTF-8"?>
<project-private xmlns="http://www.netbeans.org/ns/project-private/1">
    <editor-bookmarks xmlns="http://www.netbeans.org/ns/editor-bookmarks/2" lastBookmarkId="0"/>
    <open-files xmlns="http://www.netbeans.org/ns/projectui-open-files/2">
        <group>
            <file>file:/C:/Users/Aleks/Documents/NetBeansProjects/Assignment%207/src/assignment/pkg7/Assignment7.java</file>
            <file>file:/C:/Users/Aleks/Documents/NetBeansProjects/Assignment%207/src/assignment/pkg7/BinarySearchTrees.java</file>
            <file>file:/C:/Users/Aleks/Documents/NetBeansProjects/Assignment%207/src/assignment/pkg7/Node.java</file>
        </group>
    </open-files>
</project-private>
